index,timestamp_ms,left_target_rpm,right_target_rpm,left_actual_rpm,right_actual_rpm,left_output,right_output,line_mask,line_error,line_state,yaw_rate_dps,yaw_rate_target_dps
0,471040,0.0,0.0,0.0,0.0,0,0,24,0,0,3.5,0.0
1,471140,0.0,0.0,0.0,0.0,0,0,24,0,0,3.5,0.0
2,471240,0.0,0.0,0.0,0.0,0,0,24,0,0,3.4,0.0
3,471340,0.0,0.0,0.0,0.0,0,0,24,0,0,3.4,0.0
4,471440,0.0,0.0,0.0,0.0,0,0,24,0,0,3.2,0.0
5,471540,120.0,120.0,23.3,23.7,2692,2688,24,0,0,1.7,0.0
6,471640,115.0,108.5,40.0,39.5,2817,2727,16,50,0,-5.9,0.0
7,471740,120.0,120.0,46.8,47.1,3143,3142,24,0,0,5.9,0.0
8,471840,120.0,120.0,53.5,54.8,3408,3390,24,0,0,5.9,0.0
9,471940,120.0,120.0,58.4,59.7,3666,3643,24,0,0,3.6,0.0
10,472040,120.0,120.0,81.4,82.4,3582,3566,24,0,0,4.3,0.0
11,472140,120.0,120.0,69.8,69.7,3959,3956,24,0,0,2.3,0.0
12,472240,120.0,120.0,72.3,71.7,4175,4180,24,0,0,0.7,0.0
13,472340,120.0,120.0,75.7,74.5,4363,4380,24,0,0,0.7,0.0
14,472440,120.0,120.0,80.6,79.1,4513,4538,24,0,0,4.5,0.0
15,472540,120.0,120.0,93.8,93.0,4467,4491,24,0,0,0.0,0.0
16,472640,118.5,118.5,86.9,85.7,4680,4694,24,0,0,2.1,0.0
17,472740,120.0,120.0,87.2,86.0,4860,4881,24,0,0,0.0,0.0
18,472840,120.0,120.0,90.7,89.2,4972,5004,24,0,0,1.3,0.0
19,472940,120.0,120.0,92.3,91.6,5095,5122,24,0,0,0.9,0.0
20,473040,115.0,108.5,106.6,106.5,4873,4802,16,50,0,-0.7,0.0
21,473140,115.0,108.5,95.4,93.8,5091,5011,16,50,0,0.4,0.0
22,473240,98.0,114.5,95.7,94.4,4938,5179,8,-50,0,2.6,0.0
23,473340,117.0,117.0,94.7,95.8,5245,5292,24,0,0,2.1,0.0
24,473440,108.5,115.0,97.2,98.0,5165,5331,8,-50,0,6.3,0.0
25,473540,108.5,115.0,110.1,111.6,4977,5159,8,-50,0,2.6,0.0
26,473640,108.5,115.0,99.4,100.8,5137,5346,8,-50,0,3.6,0.0
27,473740,120.0,120.0,97.6,99.4,5390,5506,24,0,0,1.3,0.0
28,473840,120.0,120.0,100.8,102.9,5456,5559,24,0,0,8.2,0.0
29,473940,120.0,120.0,102.0,103.5,5534,5635,24,0,0,3.7,0.0
30,474040,119.0,119.0,131.9,132.1,5101,5202,24,0,0,4.3,0.0
31,474140,115.0,108.5,106.7,106.2,5382,5407,16,50,0,3.8,0.0
32,474240,106.0,116.0,103.7,103.5,5347,5556,24,0,0,0.9,0.0
33,474340,119.0,119.0,102.8,102.5,5580,5654,24,0,0,6.8,0.0
34,474440,120.0,120.0,105.3,106.1,5642,5700,24,0,0,4.5,0.0
35,474540,120.0,120.0,120.2,120.4,5434,5497,24,0,0,5.2,0.0
36,474640,120.0,120.0,108.4,108.5,5619,5682,24,0,0,2.4,0.0
37,474740,120.0,120.0,106.5,106.0,5709,5779,24,0,0,3.0,0.0
38,474840,120.0,120.0,108.6,108.1,5745,5819,24,0,0,0.9,0.0
39,474940,120.0,120.0,108.8,108.5,5800,5873,24,0,0,7.0,0.0
40,475040,120.0,120.0,124.2,125.6,5547,5607,24,0,0,7.1,0.0
41,475140,115.3,64.7,109.0,109.2,5655,5040,48,100,1,5.4,0.0
42,475240,114.8,65.2,107.9,101.8,5693,4945,32,150,1,-9.1,0.0
43,475340,92.0,85.5,98.6,-0.3,5193,2115,16,50,0,-55.4,0.0
44,475440,104.8,75.2,97.0,19.2,5396,2102,12,-100,1,-60.7,0.0
45,475540,100.8,79.2,27.7,35.6,2032,2116,1,-350,1,-41.4,0.0
46,475640,-12.0,50.0,7.0,34.7,-1352,1849,3,-300,2,32.1,0.0
47,475740,-12.0,50.0,-11.5,32.5,-1165,1961,12,-100,2,50.7,0.0
48,475840,58.0,51.5,2.7,33.8,1891,2034,16,50,0,21.9,0.0
49,475940,112.8,67.2,25.1,38.8,2687,2390,48,100,1,10.7,0.0
50,476040,50.0,-12.0,53.4,20.9,1808,-1457,96,200,2,-2.0,0.0
51,476140,50.0,-12.0,39.5,-2.1,2003,-1277,48,100,2,-42.7,0.0
52,476240,58.0,58.0,36.0,2.0,2227,1896,24,0,0,-27.5,0.0
53,476340,68.0,68.0,37.0,21.9,2453,2026,24,0,0,2.6,0.0
54,476440,78.0,78.0,41.5,31.9,2684,2235,24,0,0,-6.5,0.0
55,476540,88.0,88.0,51.8,42.3,2828,2415,24,0,0,-6.8,0.0
56,476640,98.0,98.0,51.4,43.4,3169,2781,24,0,0,-5.5,0.0
57,476740,108.0,101.5,55.7,48.6,3489,3036,16,50,0,-3.3,0.0
58,476840,115.0,108.5,61.8,54.4,3769,3324,16,50,0,-6.3,0.0
59,476940,114.8,65.2,65.5,9.2,3884,1728,32,150,1,-10.2,0.0
60,477040,96.0,89.5,77.1,27.0,3631,2038,16,50,0,-26.3,0.0
61,477140,106.0,106.0,70.0,34.3,3990,2491,24,0,0,-28.2,0.0
62,477240,116.0,116.0,72.5,42.3,4275,2879,24,0,0,-17.1,0.0
63,477340,98.0,114.5,76.0,48.2,4204,3085,8,-50,0,-16.9,0.0
64,477440,118.5,118.5,78.6,54.5,4558,3378,24,0,0,-18.0,0.0
65,477540,120.0,120.0,93.3,68.0,4520,3487,24,0,0,-17.0,0.0
66,477640,115.0,108.5,87.2,65.5,4677,3612,16,50,0,-14.8,0.0
67,477740,115.3,64.7,86.8,67.0,4824,3251,48,100,1,-12.7,0.0
68,477840,112.8,67.2,89.7,64.9,4887,3308,48,100,1,-22.8,0.0
69,477940,112.8,67.2,90.0,62.9,4973,3375,48,100,1,-21.5,0.0
70,478040,116.8,63.2,114.9,80.7,4704,3068,96,200,1,-21.6,0.0
71,478140,50.0,-12.0,90.6,15.8,4016,-1454,96,200,2,-54.0,0.0
72,478240,104.8,75.2,80.2,-0.1,4665,2091,12,-100,1,-82.1,0.0
73,478340,-12.0,50.0,31.6,20.8,-1599,1810,2,-250,2,-37.3,0.0
74,478440,-12.0,50.0,5.5,30.1,-1440,1812,6,-200,2,36.3,0.0
75,478540,54.0,37.5,-6.1,34.5,1838,1669,16,50,0,46.3,0.0
76,478640,112.8,67.2,20.9,33.5,2740,2205,48,100,1,2.5,0.0
77,478740,114.8,65.2,40.3,37.5,2933,2282,32,150,1,-7.7,0.0
78,478840,50.0,-12.0,47.5,12.6,2222,-1367,64,250,2,-7.0,0.0
79,478940,92.0,85.5,44.3,1.6,2928,2232,16,50,0,-50.4,0.0
80,479040,92.0,102.0,56.0,30.1,2965,2452,24,0,0,-0.8,0.0
81,479140,112.0,105.5,54.4,39.6,3483,2717,16,50,0,-5.5,0.0
82,479240,87.5,91.0,60.2,44.9,3352,2680,16,50,0,-13.2,0.0
83,479340,87.5,91.0,62.8,45.2,3526,2835,16,50,0,-10.7,0.0
84,479440,112.8,67.2,66.6,47.6,4004,2641,48,100,1,-17.2,0.0
85,479540,116.8,63.2,79.0,55.4,4000,2593,32,150,1,-8.9,0.0
86,479640,112.3,67.7,73.7,6.1,4117,1800,32,150,1,-29.0,0.0
87,479740,93.0,86.5,72.7,20.9,4034,2118,16,50,0,-44.3,0.0
88,479840,103.0,103.0,75.0,34.1,4254,2508,24,0,0,-28.4,0.0
89,479940,106.5,113.0,77.2,42.1,4420,2871,8,-50,0,-26.1,0.0
90,480040,-10.0,22.0,10.4,58.3,-1265,1625,0,0,3,7.7,0.0
91,480140,103.0,96.5,22.9,47.2,2381,2871,16,50,0,18.5,0.0
92,480240,116.8,63.2,37.5,11.9,2782,1666,96,200,1,11.2,0.0
93,480340,22.0,-10.0,39.3,0.5,1624,-1147,0,0,3,-22.4,0.0
94,480440,92.0,85.5,40.7,12.1,2767,2235,16,50,0,-17.5,0.0
95,480540,22.0,-10.0,54.0,8.9,1936,-1245,0,0,3,-5.9,0.0
96,480640,95.0,88.5,48.8,11.5,3027,2170,16,50,0,-26.1,0.0
97,480740,105.0,98.5,51.9,28.5,3363,2447,16,50,0,-6.8,0.0
98,480840,96.0,89.5,58.8,38.3,3397,2471,16,50,0,-11.0,0.0
99,480940,93.0,86.5,62.2,41.0,3519,2595,16,50,0,-14.7,0.0
100,481040,94.0,87.5,74.9,49.7,3506,2636,16,50,0,-16.6,0.0
101,481140,94.0,87.5,68.3,46.1,3740,2837,16,50,0,-17.8,0.0
102,481240,93.0,86.5,64.7,-0.3,3682,2128,16,50,0,-32.5,0.0
103,481340,103.0,103.0,64.3,19.9,3986,2506,24,0,0,-39.5,0.0
104,481440,113.0,96.5,70.8,37.6,4224,2591,16,50,0,-21.7,0.0
105,481540,102.3,77.7,85.8,53.4,4018,2448,12,-100,1,-17.3,0.0
106,481640,100.0,100.0,77.6,50.6,4169,2965,24,0,0,-21.6,0.0
107,481740,110.0,110.0,77.2,53.2,4439,3324,24,0,0,-16.7,0.0
108,481840,120.0,120.0,81.7,60.0,4688,3656,24,0,0,-15.3,0.0
109,481940,115.0,108.5,84.7,65.2,4749,3714,16,50,0,-13.7,0.0
110,482040,115.0,108.5,111.2,86.3,4464,3583,16,50,0,-13.0,0.0
111,482140,22.0,-10.0,86.3,4.3,3469,-1185,0,0,3,-37.6,0.0
112,482240,96.0,79.5,78.9,10.3,4447,2145,16,50,0,-68.3,0.0
113,482340,102.8,77.2,80.5,27.9,4615,2205,4,-150,1,-30.5,0.0
114,482440,107.8,72.2,85.0,37.6,4722,2240,4,-150,1,-41.0,0.0
115,482540,-12.0,50.0,22.2,45.3,-1471,1984,1,-350,2,-9.1,0.0
116,482640,-12.0,50.0,-0.4,39.1,-1311,2102,4,-150,2,56.3,0.0
117,482740,42.0,52.0,-4.6,37.2,1605,2213,24,0,0,58.5,0.0
118,482840,114.8,65.2,13.3,38.6,2706,2455,32,150,1,9.5,0.0
119,482940,50.0,-12.0,33.1,8.6,1915,-1286,64,250,2,-10.8,0.0
120,483040,51.0,44.5,39.2,-4.3,1898,1634,16,50,0,-34.0,0.0
121,483140,61.0,61.0,33.6,10.7,2176,1923,24,0,0,0.6,0.0
122,483240,71.0,71.0,36.5,27.0,2421,2077,24,0,0,-3.1,0.0
123,483340,81.0,74.5,40.2,34.1,2687,2248,16,50,0,-2.9,0.0
124,483440,112.8,67.2,46.4,39.0,3256,2286,48,100,1,-2.7,0.0
125,483540,112.8,67.2,61.8,46.1,3328,2298,48,100,1,-9.4,0.0
126,483640,99.0,92.5,58.8,45.3,3370,2838,16,50,0,-7.1,0.0
127,483740,112.8,67.2,60.6,47.4,3760,2631,48,100,1,-13.2,0.0
128,483840,95.0,88.5,66.0,49.0,3663,3029,16,50,0,-11.5,0.0
129,483940,104.0,97.5,67.0,14.1,3930,2084,16,50,0,-6.5,0.0
130,484040,114.0,114.0,90.8,46.8,3877,2209,24,0,0,-28.1,0.0
131,484140,100.8,79.2,75.5,41.8,4028,2177,4,-150,1,-24.3,0.0
132,484240,102.8,77.2,75.6,41.9,4187,2329,4,-150,1,-28.9,0.0
133,484340,-10.0,22.0,8.2,38.0,-1254,1681,0,0,3,18.4,0.0
134,484440,-12.0,50.0,-7.7,35.2,-1091,2094,4,-150,2,37.1,0.0
135,484540,55.0,48.5,-0.4,39.7,1832,2055,16,50,0,39.0,0.0
136,484640,22.0,-10.0,21.2,3.7,1412,-1177,0,0,3,-9.7,0.0
137,484740,96.0,89.5,29.6,8.3,2487,2292,16,50,0,-30.2,0.0
138,484840,106.0,99.5,39.3,28.6,2823,2541,16,50,0,2.0,0.0
139,484940,115.0,108.5,48.1,41.2,3161,2839,16,50,0,2.9,0.0
140,485040,115.0,108.5,62.6,55.8,3248,2931,16,50,0,-0.9,0.0
141,485140,115.0,108.5,59.9,54.2,3557,3222,16,50,0,-1.9,0.0
142,485240,115.0,108.5,63.8,57.9,3774,3439,16,50,0,-4.0,0.0
143,485340,115.0,108.5,68.0,61.2,3968,3642,16,50,0,-2.5,0.0
144,485440,120.0,120.0,72.9,65.8,4201,3978,24,0,0,-5.2,0.0
145,485540,120.0,120.0,86.7,80.0,4188,3998,24,0,0,-6.4,0.0
146,485640,120.0,120.0,81.6,75.7,4437,4269,24,0,0,-2.5,0.0
147,485740,120.0,120.0,82.3,77.1,4621,4470,24,0,0,-2.1,0.0
148,485840,120.0,120.0,85.7,81.7,4759,4616,24,0,0,-3.1,0.0
149,485940,120.0,120.0,87.6,84.0,4894,4757,24,0,0,0.0,0.0
150,486040,105.5,115.5,114.5,110.5,4421,4442,24,0,0,0.0,0.0
151,486140,117.5,117.5,92.8,90.6,4896,4809,24,0,0,3.1,0.0
152,486240,120.0,120.0,92.0,90.6,5078,4989,24,0,0,2.6,0.0
153,486340,114.5,98.0,93.6,91.8,5125,4834,16,50,0,0.9,0.0
154,486440,120.0,120.0,96.7,94.7,5272,5191,24,0,0,1.2,0.0
155,486540,118.0,118.0,110.8,108.7,5070,5009,24,0,0,7.1,0.0
156,486640,108.5,115.0,98.3,26.7,5069,2243,8,-50,0,0.3,0.0
157,486740,102.8,77.2,50.1,38.7,1947,1883,4,-150,1,-19.8,0.0
158,486840,-12.0,50.0,14.8,35.9,-1370,1741,6,-200,2,4.0,0.0
159,486940,-12.0,50.0,-3.9,32.3,-1227,1866,12,-100,2,49.7,0.0
160,487040,87.5,91.0,0.6,36.2,2315,2411,16,50,0,29.1,0.0
161,487140,112.8,67.2,26.4,37.8,2739,2323,48,100,1,3.8,0.0
162,487240,112.8,67.2,42.5,40.6,2923,2427,48,100,1,-5.7,0.0
163,487340,115.3,64.7,48.4,44.9,3137,2553,48,100,1,6.4,0.0
164,487440,100.0,93.5,52.7,49.3,3128,3057,16,50,0,1.5,0.0
165,487540,110.0,103.5,63.3,61.2,3326,3222,16,50,0,-0.7,0.0
166,487640,115.0,108.5,61.6,60.5,3670,3531,16,50,0,0.9,0.0
167,487740,115.0,108.5,65.2,63.5,3885,3726,16,50,0,1.1,0.0
168,487840,115.0,108.5,70.4,67.7,4056,3888,16,50,0,3.2,0.0
169,487940,112.8,67.2,73.5,66.4,4198,3403,48,100,1,-6.9,0.0
170,488040,96.0,89.5,95.7,81.4,3766,3485,16,50,0,-6.8,0.0
171,488140,106.0,106.0,77.2,69.1,4206,3954,24,0,0,-3.3,0.0
172,488240,116.0,116.0,77.8,71.3,4475,4236,24,0,0,-3.0,0.0
173,488340,120.0,120.0,80.9,76.0,4686,4457,24,0,0,2.7,0.0
174,488440,108.5,115.0,84.4,81.5,4613,4507,8,-50,0,-0.3,0.0
175,488540,-10.0,22.0,31.8,93.6,-1574,3145,0,0,3,1.8,0.0
176,488640,115.0,108.5,14.2,78.3,2521,4427,16,50,0,43.0,0.0
177,488740,22.0,-10.0,28.3,4.6,1407,-1189,0,0,3,4.5,0.0
178,488840,110.3,69.7,34.1,-0.3,2618,1909,48,100,1,-33.2,0.0
179,488940,98.0,91.5,37.8,15.2,2716,2152,16,50,0,-5.9,0.0
180,489040,108.0,108.0,52.2,37.4,2928,2431,24,0,0,-5.1,0.0
181,489140,108.5,115.0,52.3,42.5,3229,2819,8,-50,0,-6.8,0.0
182,489240,104.8,75.2,57.0,48.9,3389,2529,12,-100,1,-2.1,0.0
183,489340,102.8,77.2,60.3,47.8,3550,2704,4,-150,1,-7.7,0.0
184,489440,100.8,79.2,63.8,49.3,3685,2855,6,-200,1,-12.4,0.0
185,489540,-12.0,50.0,8.6,53.7,-1286,2449,4,-150,2,21.0,0.0
186,489640,-12.0,50.0,-6.3,47.2,-1167,2532,24,0,2,59.5,0.0
187,489740,22.0,-10.0,5.5,8.7,1371,-1261,0,0,3,11.6,0.0
188,489840,93.0,86.5,22.7,9.2,2334,2182,16,50,0,-32.4,0.0
189,489940,103.0,96.5,34.6,27.2,2655,2445,16,50,0,4.4,0.0
190,490040,96.0,89.5,56.0,49.2,2557,2296,16,50,0,1.9,0.0
191,490140,106.0,99.5,48.8,43.8,3021,2735,16,50,0,-0.3,0.0
192,490240,116.0,116.0,53.2,48.1,3395,3175,24,0,0,0.0,0.0
193,490340,116.5,116.5,59.2,54.3,3634,3421,24,0,0,1.0,0.0
194,490440,120.0,120.0,64.9,59.9,3886,3680,24,0,0,-1.5,0.0
195,490540,108.5,115.0,78.3,74.1,3773,3666,8,-50,0,-1.6,0.0
196,490640,116.0,106.0,72.9,69.9,4106,3822,24,0,0,2.3,0.0
197,490740,120.0,120.0,74.8,71.8,4362,4213,24,0,0,2.9,0.0
198,490840,116.5,116.5,79.7,76.7,4459,4289,24,0,0,0.0,0.0
199,490940,115.0,108.5,82.0,78.3,4590,4351,16,50,0,1.1,0.0
200,491040,112.8,67.2,96.9,91.2,4458,3685,48,100,1,0.0,0.0
201,491140,22.0,-10.0,85.0,9.2,3456,-1249,0,0,3,-15.2,0.0
202,491240,95.0,95.0,78.5,13.4,4395,2315,24,0,0,-60.1,0.0
203,491340,102.8,77.2,79.2,28.8,4582,2202,4,-150,1,-31.5,0.0
204,491440,-10.0,22.0,21.1,37.8,-1404,1589,0,0,3,-43.9,0.0
205,491540,-10.0,22.0,1.8,37.9,-1163,1548,0,0,3,27.0,0.0
206,491640,-12.0,50.0,-9.2,33.3,-1091,2017,12,-100,2,47.0,0.0
207,491740,115.3,64.7,3.6,34.0,2620,2269,48,100,1,19.7,0.0
208,491840,116.8,63.2,27.1,40.1,2762,2412,32,150,1,7.6,0.0
209,491940,22.0,-10.0,41.0,12.2,1663,-1307,0,0,3,-5.1,0.0
210,492040,94.0,94.0,49.2,3.5,2560,2331,24,0,0,-39.3,0.0
211,492140,104.0,97.5,45.6,26.2,2983,2489,16,50,0,-0.9,0.0
212,492240,114.0,107.5,51.2,40.5,3333,2784,16,50,0,-3.2,0.0
213,492340,115.0,108.5,57.5,48.1,3569,3021,16,50,0,-7.0,0.0
214,492440,92.0,85.5,62.5,50.8,3438,2850,16,50,0,-13.4,0.0
215,492540,114.8,65.2,71.0,10.4,3699,1770,32,150,1,-15.4,0.0
216,492640,87.5,91.0,67.9,25.3,3583,2180,16,50,0,-35.0,0.0
217,492740,101.0,101.0,67.3,34.2,3901,2507,24,0,0,-27.2,0.0
218,492840,111.0,111.0,71.2,42.4,4163,2850,24,0,0,-19.5,0.0
219,492940,120.0,120.0,75.6,49.0,4433,3232,24,0,0,-16.0,0.0
220,493040,116.5,116.5,91.5,64.2,4323,3261,24,0,0,-16.0,0.0
221,493140,114.5,98.0,83.2,60.8,4537,3340,16,50,0,-10.1,0.0
222,493240,115.0,108.5,84.6,63.7,4683,3653,16,50,0,-14.4,0.0
223,493340,115.0,108.5,86.3,66.5,4811,3836,16,50,0,-15.9,0.0
224,493440,116.8,63.2,88.8,13.8,4846,1642,64,250,1,-11.3,0.0
225,493540,96.0,96.0,93.1,13.7,4452,2295,24,0,0,-67.1,0.0
226,493640,104.8,75.2,85.5,29.4,4717,2168,12,-100,1,-32.1,0.0
227,493740,100.8,79.2,86.7,36.9,4739,2338,6,-200,1,-39.9,0.0
228,493840,100.8,79.2,13.9,37.6,2221,2420,1,-350,1,6.0,0.0
229,493940,-12.0,50.0,2.7,37.5,-1273,2104,4,-150,2,37.9,0.0
230,494040,54.0,47.5,-7.5,46.7,1859,1978,16,50,0,49.7,0.0
231,494140,22.0,-10.0,11.1,-3.5,1339,-1092,0,0,3,-21.6,0.0
232,494240,96.0,89.5,24.7,6.1,2375,2341,16,50,0,-17.8,0.0
233,494340,106.0,99.5,36.3,28.0,2707,2577,16,50,0,2.4,0.0
234,494440,116.8,63.2,42.0,1.5,2945,1801,64,250,1,-4.6,0.0
235,494540,96.0,89.5,45.8,8.9,2817,2293,16,50,0,-30.7,0.0
236,494640,106.0,99.5,48.6,29.3,3180,2546,16,50,0,-3.0,0.0
237,494740,115.0,108.5,54.6,40.8,3516,2857,16,50,0,-5.3,0.0
238,494840,22.0,-10.0,61.2,12.9,2508,-1297,0,0,3,-7.7,0.0
239,494940,115.0,108.5,53.6,-2.1,3630,2438,16,50,0,-43.4,0.0
240,495040,120.0,120.0,67.8,25.9,3776,2750,24,0,0,-22.3,0.0
241,495140,120.0,120.0,68.2,42.0,4025,2948,24,0,0,-21.8,0.0
242,495240,114.5,98.0,72.4,50.1,4127,2900,16,50,0,-14.6,0.0
243,495340,115.0,108.5,74.5,54.2,4315,3256,16,50,0,-14.6,0.0
244,495440,115.0,108.5,79.4,58.8,4444,3458,16,50,0,-12.6,0.0
245,495540,22.0,-10.0,91.9,14.4,3130,-1317,0,0,3,-9.6,0.0
246,495640,115.3,64.7,78.5,7.6,4472,1816,48,100,1,-51.4,0.0
247,495740,100.0,100.0,76.9,24.6,4392,2417,24,0,0,-34.3,0.0
248,495840,104.8,75.2,22.6,25.4,2157,1796,12,-100,1,-23.7,0.0
249,495940,87.5,94.0,36.2,30.6,2110,2227,8,-50,0,3.5,0.0
250,496040,104.0,97.5,48.9,47.4,2417,2319,16,50,0,3.6,0.0
251,496140,114.0,107.5,44.6,43.5,2914,2783,16,50,0,-2.5,0.0
252,496240,22.0,-10.0,49.1,19.4,1909,-1404,0,0,3,-1.9,0.0
253,496340,91.0,84.5,43.4,-0.9,2852,2110,16,50,0,-35.2,0.0
254,496440,101.0,94.5,46.8,18.2,3183,2406,16,50,0,-12.8,0.0
255,496540,111.0,104.5,61.1,40.8,3360,2573,16,50,0,-10.3,0.0
256,496640,115.0,108.5,61.3,45.7,3677,2885,16,50,0,-11.7,0.0
257,496740,98.0,91.5,63.5,47.9,3628,2838,16,50,0,-14.0,0.0
258,496840,22.0,-10.0,63.5,17.7,2663,-1412,0,0,3,-7.6,0.0
259,496940,99.0,109.0,57.0,2.6,3728,2586,24,0,0,-56.6,0.0
260,497040,108.5,115.0,73.5,34.3,3819,2718,8,-50,0,-15.7,0.0
261,497140,108.5,115.0,71.2,45.2,4032,2954,8,-50,0,-14.1,0.0
262,497240,115.5,105.5,38.3,51.8,2177,3072,24,0,0,-9.6,0.0
263,497340,115.0,108.5,44.7,56.3,2463,3356,16,50,0,19.7,0.0
264,497440,116.8,63.2,43.1,7.0,2768,1729,64,250,1,14.6,0.0
265,497540,100.8,79.2,43.1,-1.5,2621,2049,16,50,1,-35.5,0.0
266,497640,100.0,93.5,42.3,17.6,2896,2398,16,50,0,-10.1,0.0
267,497740,94.0,87.5,49.2,32.6,3018,2395,16,50,0,-11.1,0.0
268,497840,116.8,63.2,53.2,7.3,3419,1725,32,150,1,-9.3,0.0
269,497940,87.5,91.0,54.5,9.6,3238,2179,16,50,0,-36.5,0.0
270,498040,98.0,98.0,74.7,35.6,3243,2242,24,0,0,-14.9,0.0
271,498140,108.0,108.0,63.0,38.6,3693,2660,24,0,0,-12.3,0.0
272,498240,115.0,108.5,66.1,45.3,3985,2912,16,50,0,-14.8,0.0
273,498340,115.0,108.5,70.7,51.0,4161,3142,16,50,0,-13.9,0.0
274,498440,87.5,91.0,75.8,55.7,3951,3089,16,50,0,-17.5,0.0
275,498540,116.8,63.2,84.3,9.8,4178,1694,32,150,1,-13.6,0.0
276,498640,116.8,63.2,77.5,25.7,4422,1745,144,200,1,-53.2,0.0
277,498740,92.5,99.0,77.0,31.5,4209,2412,28,-50,0,-33.5,0.0
278,498840,102.3,77.7,79.1,38.1,4398,2291,12,-100,1,-35.4,0.0
279,498940,102.8,77.2,80.5,40.2,4513,2439,4,-150,1,-33.7,0.0
280,499040,-12.0,50.0,18.4,49.5,-1394,2114,2,-250,2,-27.2,0.0
281,499140,-12.0,50.0,6.7,42.6,-1406,2223,2,-250,2,34.5,0.0
282,499240,51.0,51.0,-4.6,40.5,1722,2305,24,0,0,56.6,0.0
283,499340,112.8,67.2,14.0,40.0,2672,2608,48,100,1,6.7,0.0
284,499440,116.8,63.2,37.7,44.4,2860,2623,96,200,1,1.2,0.0
285,499540,50.0,-12.0,50.0,16.8,1967,-1489,64,250,2,-16.6,0.0
286,499640,51.0,44.5,40.0,-4.9,2135,1642,16,50,0,-50.8,0.0
287,499740,104.8,75.2,38.1,11.7,2963,2119,12,-100,1,-16.4,0.0
288,499840,104.8,75.2,47.9,29.5,3148,2164,12,-100,1,-13.5,0.0
289,499940,102.8,77.2,53.4,37.2,3311,2310,4,-150,1,-11.0,0.0
290,500040,102.8,77.2,72.1,53.4,3252,2248,4,-150,1,-6.8,0.0
291,500140,-12.0,50.0,22.7,44.3,-1477,2131,2,-250,2,-9.1,0.0
292,500240,-12.0,50.0,0.0,39.0,-1318,2243,6,-200,2,25.7,0.0
